Date,TSLA,GM,F,DODGX
2016-02-22,177.74000549316406,24.753446578979492,10.040337562561035,108.34981536865234
2016-02-23,177.2100067138672,24.544593811035156,9.928421974182129,106.53992462158203
2016-02-24,179.0,24.093463897705078,9.656630516052246,107.03350830078125
2016-02-25,187.42999267578125,24.64484214782715,9.904438972473145,108.11375427246094
2016-02-26,190.33999633789062,24.753446578979492,9.968390464782715,108.7790298461914
2016-02-29,191.92999267578125,24.594715118408203,10.0003662109375,107.70597076416016
2016-03-01,186.35000610351562,25.070911407470703,10.464012145996094,110.44585418701172
2016-03-02,188.33999633789062,25.187862396240234,10.5679349899292,111.39014434814453
2016-03-03,195.74000549316406,25.956445693969727,10.823739051818848,112.10551452636719
2016-03-04,201.0399932861328,26.207077026367188,10.86370849609375,112.63485717773438
2016-03-07,205.2899932861328,26.390869140625,10.887687683105469,113.36455535888672
2016-03-08,202.60000610351562,25.630638122558594,10.575926780700684,111.24706268310547
2016-03-09,208.72000122070312,25.833650588989258,10.543951034545898,111.89087677001953
2016-03-10,205.17999267578125,26.07050132751465,10.511975288391113,111.96958923339844
2016-03-11,207.5,26.44269561767578,10.62389087677002,114.55207061767578
2016-03-14,215.14999389648438,26.375028610229492,10.607903480529785,114.07278442382812
2016-03-15,218.33999633789062,26.26505470275879,10.575926780700684,113.67215728759766
2016-03-16,221.92999267578125,26.806434631347656,10.79176139831543,114.22299194335938
2016-03-17,226.3800048828125,27.034822463989258,10.767780303955078,115.09574890136719
2016-03-18,232.74000549316406,27.034822463989258,10.903675079345703,115.72527313232422
2016-03-21,238.32000732421875,27.136335372924805,10.91966438293457,115.93274688720703
2016-03-22,234.24000549316406,26.98406982421875,10.86370849609375,115.68236541748047
2016-03-23,222.5800018310547,26.484989166259766,10.599909782409668,114.57196807861328
2016-03-24,227.75,26.188926696777344,10.440032005310059,114.35195922851562
2016-03-28,230.25999450683594,26.23967933654785,10.464012145996094,114.30061340332031
2016-03-29,230.1300048828125,26.383485794067383,10.551946640014648,114.81401062011719
2016-03-30,226.88999938964844,26.21430206298828,10.671854019165039,115.45938110351562
2016-03-31,229.77000427246094,26.58650016784668,10.79176139831543,115.2613754272461
2016-04-01,237.58999633789062,25.77443504333496,10.472006797790527,115.7894058227539
2016-04-04,246.99000549316406,25.29227638244629,10.23219108581543,115.47404479980469
2016-04-05,255.47000122070312,25.038509368896484,10.208208084106445,113.94857025146484
2016-04-06,265.4200134277344,25.326112747192383,10.248178482055664,115.48872375488281
2016-04-07,257.20001220703125,24.886247634887695,10.008359909057617,113.63321685791016
2016-04-08,250.07000732421875,24.84395408630371,10.032341003417969,114.06591796875
2016-04-11,249.9199981689453,24.97929573059082,10.120274543762207,113.93391418457031
2016-04-12,247.82000732421875,25.131555557250977,10.24018383026123,115.04136657714844
2016-04-13,254.52999877929688,26.036664962768555,10.440032005310059,117.12420654296875
2016-04-14,251.86000061035156,25.985912322998047,10.464012145996094,117.33688354492188
2016-04-15,254.50999450683594,25.85057258605957,10.34410572052002,116.99220275878906
2016-04-18,253.8800048828125,26.484989166259766,10.59191608428955,118.0116195678711
2016-04-19,247.3699951171875,27.043277740478516,10.74379825592041,118.89904022216797
2016-04-20,249.97000122070312,27.229379653930664,10.903675079345703,119.7644271850586
2016-04-21,248.2899932861328,27.626951217651367,10.911670684814453,119.67646026611328
2016-04-22,253.75,27.22092056274414,10.879694938659668,120.04315185546875
2016-04-25,251.82000732421875,27.02635955810547,10.855710983276367,119.66181182861328
2016-04-26,253.74000549316406,27.229379653930664,10.991609573364258,120.0651626586914
2016-04-27,251.47000122070312,27.203998565673828,11.0401029586792,120.27049255371094
2016-04-28,247.7100067138672,27.44085121154785,11.387632369995117,118.86237335205078
2016-04-29,240.75999450683594,26.89948081970215,10.959280967712402,117.70361328125
2016-05-02,241.8000030517578,26.85718536376953,11.007774353027344,118.42967224121094
2016-05-03,232.32000732421875,26.434234619140625,10.854215621948242,116.60350036621094
2016-05-04,222.55999755859375,25.875946044921875,10.757229804992676,115.2467041015625
2016-05-05,211.52999877929688,25.833650588989258,10.765313148498535,114.96070861816406
2016-05-06,214.92999267578125,26.188926696777344,10.862296104431152,115.18802642822266
2016-05-09,208.9199981689453,26.036664962768555,10.765313148498535,114.95333099365234
2016-05-10,208.69000244140625,26.51882553100586,10.902708053588867,116.6255111694336
2016-05-11,208.9600067138672,26.29043197631836,10.765313148498535,115.81140899658203
2016-05-12,207.27999877929688,26.375028610229492,10.789559364318848,115.39335632324219
2016-05-13,207.61000061035156,25.816734313964844,10.684492111206055,114.37396240234375
2016-05-16,208.2899932861328,25.943618774414062,10.765313148498535,115.38605499267578
2016-05-17,204.66000366210938,25.9097843170166,10.619836807250977,114.91667938232422
2016-05-18,211.1699981689453,26.011289596557617,10.635998725891113,115.6207275390625
2016-05-19,215.2100067138672,25.647554397583008,10.579426765441895,115.2467041015625
2016-05-20,220.27999877929688,25.859027862548828,10.660244941711426,116.5374984741211
2016-05-23,216.22000122070312,25.875946044921875,10.611754417419434,116.22213745117188
2016-05-24,217.91000366210938,26.26505470275879,10.74106502532959,117.79894256591797
2016-05-25,219.5800018310547,26.77259635925293,10.926952362060547,119.47108459472656
2016-05-26,225.1199951171875,26.46807289123535,10.878461837768555,119.28041076660156
2016-05-27,223.0399932861328,26.55266571044922,10.870379447937012,120.29251098632812
2016-05-31,223.22999572753906,26.45961570739746,10.902708053588867,120.39518737792969
2016-06-01,219.55999755859375,25.562963485717773,10.595588684082031,120.6298599243164
2016-06-02,218.9600067138672,25.5968017578125,10.676410675048828,121.04788970947266
2016-06-03,218.99000549316406,25.038509368896484,10.539012908935547,119.9037857055664
2016-06-06,220.67999267578125,25.368408203125,10.6521635055542,121.10659790039062
2016-06-07,232.33999633789062,25.571422576904297,10.81380558013916,121.26057434082031
2016-06-08,235.52000427246094,25.331558227539062,10.797640800476074,121.6272964477539
2016-06-09,229.36000061035156,25.151660919189453,10.716819763183594,120.71786499023438
2016-06-10,218.7899932861328,24.894662857055664,10.587508201599121,118.82569885253906
2016-06-13,217.8699951171875,24.91179084777832,10.490520477294922,117.70361328125
2016-06-14,214.9600067138672,24.697628021240234,10.377373695373535,116.72084045410156
2016-06-15,217.6999969482422,24.723325729370117,10.514768600463867,116.83816528320312
2016-06-16,217.92999267578125,24.860393524169922,10.603669166564941,117.10221099853516
2016-06-17,215.47000122070312,25.040292739868164,10.716819763183594,117.10954284667969
2016-06-20,219.6999969482422,25.400089263916016,10.846134185791016,117.98963165283203
2016-06-21,219.61000061035156,25.2801570892334,10.684492111206055,118.66433715820312
2016-06-22,196.66000366210938,25.11739158630371,10.6521635055542,118.31232452392578
2016-06-23,196.39999389648438,25.545724868774414,10.829967498779297,120.53453826904297
2016-06-24,193.14999389648438,24.28642463684082,10.11874771118164,114.28595733642578
2016-06-27,198.5500030517578,23.566829681396484,9.82779312133789,110.94345092773438
2016-06-28,201.7899932861328,23.763864517211914,10.013680458068848,113.12268829345703
2016-06-29,210.19000244140625,24.132226943969727,10.142990112304688,115.72160339355469
2016-06-30,212.27999877929688,24.243595123291016,10.159154891967773,117.20882415771484
2016-07-01,216.5,24.749025344848633,10.280386924743652,117.5769271850586
2016-07-05,213.97999572753906,24.132226943969727,10.021761894226074,115.55963897705078
2016-07-06,214.44000244140625,24.329261779785156,10.159154891967773,116.25906372070312
2016-07-07,215.94000244140625,24.62052345275879,10.304633140563965,116.78179168701172
2016-07-08,216.77999877929688,25.408660888671875,10.579426765441895,118.79907989501953
2016-07-11,224.77999877929688,25.811290740966797,10.724903106689453,119.48375701904297
2016-07-12,224.64999389648438,26.21392250061035,10.870379447937012,121.11083984375
2016-07-13,222.52999877929688,26.2396240234375,10.894624710083008,120.9709701538086
2016-07-14,221.52999877929688,26.35099220275879,10.983528137207031,121.96492004394531
2016-07-15,220.39999389648438,26.359554290771484,10.967364311218262,121.68513488769531
2016-07-18,226.25,26.445219039916992,11.032018661499023,122.05320739746094
2016-07-19,225.25999450683594,26.770751953125,11.032018661499023,121.71456146240234
2016-07-20,228.36000061035156,26.976348876953125,11.104758262634277,122.69373321533203
2016-07-21,220.5,27.438953399658203,11.250237464904785,122.2373046875
2016-07-22,222.27000427246094,27.550317764282227,11.185580253601074,123.15757751464844
2016-07-25,230.00999450683594,27.464649200439453,11.177498817443848,122.95881652832031
2016-07-26,229.50999450683594,27.541757583618164,11.324569702148438,123.4226303100586
2016-07-27,228.49000549316406,27.43038558959961,11.30823040008545,123.08395385742188
2016-07-28,230.61000061035156,26.548019409179688,10.384940147399902,123.3489990234375
2016-07-29,234.7899932861328,27.019189834594727,10.344086647033691,123.4815444946289
2016-08-01,230.00999450683594,26.81358528137207,10.197014808654785,122.9735107421875
2016-08-02,227.1999969482422,25.63996124267578,9.755796432495117,121.92073822021484
2016-08-03,225.7899932861328,25.905519485473633,9.911041259765625,123.11345672607422
2016-08-04,230.61000061035156,25.99118995666504,9.870187759399414,122.92937469482422
2016-08-05,230.02999877929688,26.385257720947266,9.960064888000488,124.76260375976562
2016-08-08,226.16000366210938,26.45378875732422,9.951895713806152,124.87303924560547
2016-08-09,229.0800018310547,26.616552352905273,10.058113098144531,125.12333679199219
2016-08-10,225.64999389648438,26.770751953125,10.009089469909668,124.29873657226562
2016-08-11,224.91000366210938,27.199085235595703,10.058113098144531,125.22642517089844
2016-08-12,225.61000061035156,27.044885635375977,10.074455261230469,125.1895980834961
2016-08-15,225.58999633789062,27.293315887451172,10.15616226196289,126.02153778076172
2016-08-16,223.61000061035156,27.164819717407227,10.082626342773438,125.75650787353516
2016-08-17,223.24000549316406,27.284751892089844,10.123478889465332,125.682861328125
2016-08-18,223.50999450683594,27.027753829956055,10.074455261230469,126.43385314941406
2016-08-19,225.0,27.267620086669922,10.123478889465332,126.35284423828125
2016-08-22,222.92999267578125,27.3018856048584,10.098967552185059,126.1319808959961
2016-08-23,224.83999633789062,27.32758331298828,10.147991180419922,126.44854736328125
2016-08-24,222.6199951171875,27.22478675842285,10.049942016601562,125.74176788330078
2016-08-25,220.9600067138672,27.019189834594727,10.188843727111816,125.49884033203125
2016-08-26,219.99000549316406,27.010622024536133,10.11530876159668,125.50617980957031
2016-08-29,215.1999969482422,27.250486373901367,10.188843727111816,126.26451110839844
2016-08-30,211.33999633789062,27.13055419921875,10.254207611083984,126.44854736328125
2016-08-31,212.00999450683594,27.34471893310547,10.295062065124512,126.01419830322266
2016-09-01,200.77000427246094,27.24192237854004,10.16433334350586,126.18353271484375
2016-09-02,197.77999877929688,27.550317764282227,10.213356018066406,126.99337768554688
2016-09-06,202.8300018310547,27.51605224609375,10.35225772857666,126.91975402832031
2016-09-07,201.7100067138672,27.646089553833008,10.37677001953125,127.22896575927734
2016-09-08,197.36000061035156,27.490041732788086,10.401280403137207,127.53083038330078
2016-09-09,194.47000122070312,26.423728942871094,10.11530876159668,125.05709838867188
2016-09-12,198.3000030517578,27.030574798583984,10.37677001953125,126.84613800048828
2016-09-13,196.0500030517578,26.8225154876709,10.11530876159668,124.67425537109375
2016-09-14,196.41000366210938,26.623123168945312,9.91921329498291,124.29139709472656
2016-09-15,200.4199981689453,26.97856330871582,9.894697189331055,125.63871002197266
2016-09-16,205.39999389648438,26.848520278930664,9.894697189331055,125.020263671875
2016-09-19,206.33999633789062,27.49871063232422,9.894697189331055,125.3515625
2016-09-20,204.63999938964844,27.438026428222656,9.80482292175293,125.31475830078125
2016-09-21,205.22000122070312,27.836809158325195,9.878358840942383,127.16275024414062
2016-09-22,206.42999267578125,28.07954978942871,9.951895713806152,127.83268737792969
2016-09-23,207.4499969482422,27.84547996520996,9.943723678588867,126.9565658569336
2016-09-26,208.99000549316406,27.56806755065918,9.812994956970215,125.682861328125
2016-09-27,205.80999755859375,27.394683837890625,9.788481712341309,126.60590362548828
2016-09-28,206.27000427246094,27.654756546020508,9.878358840942383,127.72823333740234
2016-09-29,200.6999969482422,27.2906551361084,9.780309677124023,126.41388702392578
2016-09-30,204.02999877929688,27.54205894470215,9.862016677856445,127.5141372680664
2016-10-03,213.6999969482422,27.7761287689209,9.886529922485352,127.24091339111328
2016-10-04,211.41000366210938,27.88882827758789,9.968235969543457,127.18183898925781
2016-10-05,208.4600067138672,28.33095932006836,10.197014808654785,128.5700225830078
2016-10-06,201.0,28.200918197631836,10.123478889465332,128.09007263183594
2016-10-07,196.61000061035156,28.03620147705078,10.041770935058594,127.77994537353516
2016-10-10,200.9499969482422,27.871492385864258,9.902870178222656,128.43711853027344
2016-10-11,200.10000610351562,27.646089553833008,9.796650886535645,126.71661376953125
2016-10-12,201.50999450683594,27.46403694152832,9.772139549255371,126.38436889648438
2016-10-13,200.24000549316406,27.316661834716797,9.73128604888916,125.58690643310547
2016-10-14,196.50999450683594,27.628753662109375,9.73128604888916,125.63858032226562
2016-10-17,193.9600067138672,27.36000633239746,9.706771850585938,125.04048919677734
2016-10-18,199.10000610351562,27.22130012512207,9.714943885803223,126.50990295410156
2016-10-19,203.55999755859375,27.611412048339844,9.812994956970215,127.3590316772461
2016-10-20,199.10000610351562,27.524721145629883,9.780309677124023,127.77252960205078
2016-10-21,200.08999633789062,27.7761287689209,9.821163177490234,127.94239044189453
2016-10-24,202.75999450683594,28.591032028198242,9.960064888000488,128.42234802246094
2016-10-25,202.33999633789062,27.394683837890625,9.802887916564941,127.74301147460938
2016-10-26,202.24000549316406,27.377344131469727,9.827704429626465,127.80207824707031
2016-10-27,204.00999450683594,27.160612106323242,9.711889266967773,127.52149200439453
2016-10-28,199.97000122070312,27.15194320678711,9.695344924926758,127.42552185058594
2016-10-31,197.72999572753906,27.394683837890625,9.711889266967773,127.18183898925781
2016-11-01,190.7899932861328,27.2906551361084,9.60434627532959,126.66497039794922
2016-11-02,188.02000427246094,27.264644622802734,9.430625915527344,126.05207061767578
2016-11-03,187.4199981689453,26.935213088989258,9.389263153076172,125.74933624267578
2016-11-04,190.55999755859375,27.01323890686035,9.38099193572998,125.6238021850586
2016-11-07,193.2100067138672,27.758792877197266,9.579530715942383,128.6734161376953
2016-11-08,194.94000244140625,27.507383346557617,9.496804237365723,129.21981811523438
2016-11-09,190.05999755859375,26.839853286743164,9.579530715942383,132.8232421875
2016-11-10,185.35000610351562,28.374303817749023,9.877338409423828,134.54367065429688
2016-11-11,188.55999755859375,29.492630004882812,10.158604621887207,134.86117553710938
2016-11-14,181.4499969482422,28.851110458374023,9.976612091064453,136.41920471191406
2016-11-15,183.77000427246094,28.981149673461914,9.960063934326172,137.32745361328125
2016-11-16,183.92999267578125,28.80776023864746,9.926976203918457,136.5078125
2016-11-17,188.66000366210938,28.972476959228516,9.819430351257324,137.3643798828125
2016-11-18,185.02000427246094,28.608369827270508,9.728434562683105,136.958251953125
2016-11-21,184.52000427246094,28.617036819458008,9.753252029418945,137.8221435546875
2016-11-22,191.1699981689453,29.31058120727539,9.835977554321289,137.91078186035156
2016-11-23,193.13999938964844,29.353923797607422,9.84424877166748,138.49412536621094
2016-11-25,196.64999389648438,29.692020416259766,9.960063934326172,138.87808227539062
2016-11-28,196.1199951171875,29.518634796142578,9.860794067382812,137.54156494140625
2016-11-29,189.57000732421875,29.969436645507812,9.860794067382812,138.0363311767578
2016-11-30,189.39999389648438,29.93475914001465,9.893885612487793,139.4171142578125
2016-12-01,181.8800048828125,31.5819034576416,10.282691955566406,139.7789306640625
2016-12-02,181.47000122070312,30.697656631469727,10.12551498413086,139.2103271484375
2016-12-05,186.8000030517578,30.618778228759766,10.29096508026123,140.61329650878906
2016-12-06,185.85000610351562,30.73270606994629,10.390233039855957,141.29269409179688
2016-12-07,193.14999389648438,31.81058120727539,10.803858757019043,143.19769287109375
2016-12-08,192.2899932861328,31.915742874145508,10.77903938293457,143.54473876953125
2016-12-09,192.17999267578125,33.00238037109375,10.894855499267578,143.83274841308594
2016-12-12,192.42999267578125,32.51164627075195,10.605319023132324,142.629150390625
2016-12-13,198.14999389648438,32.73948287963867,10.563956260681152,143.68505859375
2016-12-14,198.69000244140625,31.503870010375977,10.365416526794434,142.93927001953125
2016-12-15,197.5800018310547,31.758005142211914,10.406778335571289,143.68505859375
2016-12-16,202.49000549316406,31.87192153930664,10.448141098022461,142.65130615234375
2016-12-19,202.72999572753906,31.898218154907227,10.4729585647583,142.77682495117188
2016-12-20,208.7899932861328,32.08224105834961,10.57222843170166,143.60887145996094
2016-12-21,207.6999969482422,31.915742874145508,10.456414222717285,143.3790283203125
2016-12-22,208.4499969482422,31.276020050048828,10.257874488830566,142.96531677246094
2016-12-23,213.33999633789062,31.276020050048828,10.307511329650879,143.21043395996094
2016-12-27,219.52999877929688,31.144569396972656,10.249602317810059,143.57821655273438
2016-12-28,219.74000549316406,30.802810668945312,10.133787155151367,142.15318298339844
2016-12-29,214.67999267578125,30.794042587280273,10.117240905761719,141.71646118164062
2016-12-30,213.69000244140625,30.531145095825195,10.034518241882324,141.20314025878906
2017-01-03,216.99000549316406,30.802810668945312,10.415051460266113,142.5898895263672
2017-01-04,226.99000549316406,32.50288391113281,10.894855499267578,143.79275512695312
2017-01-05,226.75,31.889448165893555,10.563956260681152,143.51695251464844
2017-01-06,229.00999450683594,31.538917541503906,10.555683135986328,143.8080596923828
2017-01-09,231.27999877929688,31.556442260742188,10.448141098022461,143.1721649169922
2017-01-10,229.8699951171875,32.73072052001953,10.630135536193848,143.670166015625
2017-01-11,229.72999572753906,33.25651550292969,10.481230735778809,144.12985229492188
2017-01-12,229.58999633789062,32.870933532714844,10.415051460266113,143.49395751953125
2017-01-13,237.75,32.72195816040039,10.448141098022461,144.03024291992188
2017-01-17,235.5800018310547,32.6956672668457,10.431594848632812,142.72010803222656
2017-01-18,238.36000061035156,32.83588409423828,10.389735221862793,143.07257080078125
2017-01-19,243.75999450683594,32.68690872192383,10.406479835510254,142.66651916503906
2017-01-20,244.72999572753906,32.43277359008789,10.347875595092773,142.8350372314453
2017-01-23,248.9199981689453,32.11730194091797,10.306015014648438,142.47494506835938
2017-01-24,254.61000061035156,32.42400360107422,10.557177543640137,143.9230194091797
2017-01-25,254.47000122070312,33.54570388793945,10.707873344421387,145.2101287841797
2017-01-26,252.50999450683594,32.87969970703125,10.356245994567871,145.50894165039062
2017-01-27,252.9499969482422,32.43277359008789,10.456711769104004,145.3863525390625
2017-01-30,250.6300048828125,31.836872100830078,10.356245994567871,144.36737060546875
2017-01-31,251.92999267578125,32.08224105834961,10.347875595092773,144.42098999023438
2017-02-01,249.24000549316406,31.670368194580078,10.314386367797852,144.42098999023438
2017-02-02,251.5500030517578,31.31107521057129,10.280900955200195,143.63955688476562
2017-02-03,251.3300018310547,31.836872100830078,10.515317916870117,145.4093475341797
2017-02-06,257.7699890136719,32.27504348754883,10.481829643249512,144.7581024169922
2017-02-07,257.4800109863281,30.758989334106445,10.331131935119629,144.5972137451172
2017-02-08,262.0799865722656,30.794042587280273,10.364620208740234,144.54359436035156
2017-02-09,269.20001220703125,30.74146842956543,10.364620208740234,145.9456787109375
2017-02-10,269.2300109863281,30.82033920288086,10.473456382751465,146.29042053222656
2017-02-13,280.6000061035156,31.127044677734375,10.515317916870117,147.01060485839844
2017-02-14,280.9800109863281,32.63433074951172,10.590664863586426,148.07557678222656
2017-02-15,279.760009765625,32.494117736816406,10.573921203613281,149.0639190673828
2017-02-16,268.95001220703125,32.45030212402344,10.498573303222656,148.7957763671875
2017-02-17,272.2300109863281,32.616798400878906,10.532061576843262,148.81875610351562
2017-02-21,277.3900146484375,33.13383483886719,10.624151229858398,149.69984436035156
2017-02-22,273.510009765625,33.160125732421875,10.60740852355957,149.4010467529297
2017-02-23,255.99000549316406,32.643096923828125,10.515317916870117,149.33975219726562
2017-02-24,257.0,32.33638000488281,10.439969062805176,148.83409118652344
2017-02-27,246.22999572753906,32.66061782836914,10.599037170410156,149.3014373779297
2017-02-28,249.99000549316406,32.28379440307617,10.490199089050293,148.74978637695312
2017-03-01,250.02000427246094,32.80083465576172,10.624151229858398,151.46200561523438
2017-03-02,250.47999572753906,33.09001541137695,10.599037170410156,150.09059143066406
2017-03-03,251.57000732421875,33.50189208984375,10.590664863586426,150.5196075439453
2017-03-06,251.2100067138672,33.22146224975586,10.481829643249512,149.9219970703125
2017-03-07,248.58999633789062,32.87969970703125,10.431596755981445,149.1711883544922
2017-03-08,246.8699951171875,32.994781494140625,10.490199089050293,148.8570556640625
2017-03-09,244.89999389648438,32.605262756347656,10.465084075927734,149.14056396484375
2017-03-10,243.69000244140625,32.605262756347656,10.490199089050293,149.4010467529297
2017-03-13,246.1699981689453,32.64066696166992,10.498573303222656,149.63856506347656
2017-03-14,258.0,32.72034454345703,10.506942749023438,149.22482299804688
2017-03-15,255.72999572753906,32.83543395996094,10.590664863586426,150.14419555664062
2017-03-16,262.04998779296875,32.82658386230469,10.632527351379395,150.28211975097656
2017-03-17,261.5,32.16261672973633,10.448341369628906,149.77645874023438
2017-03-20,261.9200134277344,31.613731384277344,10.280900955200195,149.09458923339844
2017-03-21,250.67999267578125,30.586793899536133,9.81206226348877,146.1754913330078
2017-03-22,255.00999450683594,30.44515037536621,9.853925704956055,146.43597412109375
2017-03-23,254.77999877929688,30.330059051513672,9.770200729370117,146.32106018066406
2017-03-24,263.1600036621094,30.595645904541016,9.728341102600098,146.24444580078125
2017-03-27,270.2200012207031,30.728443145751953,9.594388961791992,146.01463317871094
2017-03-28,277.45001220703125,31.480937957763672,9.753458023071289,147.3990478515625
2017-03-29,277.3800048828125,31.463233947753906,9.77857494354248,147.72679138183594
2017-03-30,277.9200134277344,31.348148345947266,9.77857494354248,148.64761352539062
2017-03-31,278.29998779296875,31.30388069152832,9.745086669921875,148.2418670654297
2017-04-03,298.5199890136719,30.250385284423828,9.577643394470215,147.82041931152344
2017-04-04,303.70001220703125,30.33891487121582,9.519041061401367,148.0623321533203
2017-04-05,295.0,30.099884033203125,9.426949501037598,147.08685302734375
2017-04-06,298.70001220703125,30.241533279418945,9.435321807861328,147.75799560546875
2017-04-07,302.5400085449219,29.84315299987793,9.401833534240723,147.45364379882812
2017-04-10,312.3900146484375,30.073328018188477,9.41857624053955,147.37562561035156
2017-04-11,308.7099914550781,30.02906036376953,9.443693161010742,147.2273406982422
2017-04-12,296.8399963378906,30.046764373779297,9.401833534240723,146.4937744140625
2017-04-13,304.0,29.559852600097656,9.30136775970459,145.14370727539062
2017-04-17,301.44000244140625,30.011356353759766,9.443693161010742,146.4157257080078
2017-04-18,300.25,29.825439453125,9.452177047729492,145.4480743408203
2017-04-19,305.5199890136719,29.913976669311523,9.494601249694824,145.37002563476562
2017-04-20,302.510009765625,30.18841552734375,9.732178688049316,146.89175415039062
2017-04-21,305.6000061035156,29.878562927246094,9.621875762939453,146.02552795410156
2017-04-24,308.0299987792969,30.02020835876465,9.698238372802734,148.10914611816406
2017-04-25,313.7900085449219,30.091033935546875,9.740662574768066,149.10809326171875
2017-04-26,310.1700134277344,30.43629264831543,9.84248161315918,149.24855041503906
2017-04-27,308.6300048828125,30.577943801879883,9.732178688049316,149.37339782714844
2017-04-28,314.07000732421875,30.66646957397461,9.732178688049316,148.84271240234375
2017-05-01,322.8299865722656,30.276939392089844,9.689753532409668,149.3343963623047
2017-05-02,318.8900146484375,29.39165496826172,9.265509605407715,149.58409118652344
2017-05-03,311.0199890136719,29.6395320892334,9.392782211303711,148.74130249023438
2017-05-04,295.4599914550781,29.347389221191406,9.33338737487793,148.9051513671875
2017-05-05,308.3500061035156,29.89626121520996,9.452177047729492,149.72457885742188
2017-05-08,307.19000244140625,30.073328018188477,9.443693161010742,149.5294647216797
2017-05-09,321.260009765625,30.330059051513672,9.469147682189941,149.6230926513672
2017-05-10,325.2200012207031,30.303499221801758,9.367328643798828,149.8260040283203
2017-05-11,323.1000061035156,30.197261810302734,9.341872215270996,149.18609619140625
2017-05-12,324.80999755859375,29.763469696044922,9.265509605407715,149.03001403808594
2017-05-15,315.8800048828125,29.940532684326172,9.282477378845215,150.03672790527344
2017-05-16,317.010009765625,29.586414337158203,9.282477378845215,150.14599609375
2017-05-17,306.1099853515625,28.70112419128418,9.12975025177002,146.63424682617188
2017-05-18,313.05999755859375,28.745389938354492,9.155204772949219,146.9854278564453
2017-05-19,310.8299865722656,28.96671485900879,9.22308349609375,147.93746948242188
2017-05-22,310.3500061035156,29.143766403198242,9.41823673248291,148.6320343017578
2017-05-23,303.8599853515625,29.409358978271484,9.375812530517578,149.13150024414062
2017-05-24,310.2200012207031,29.39165496826172,9.29944896697998,149.3343963623047
2017-05-25,316.8299865722656,28.860477447509766,9.214599609375,149.46705627441406
2017-05-26,325.1400146484375,29.276565551757812,9.273993492126465,149.49826049804688
2017-05-30,335.1000061035156,29.68379783630371,9.401266098022461,149.02223205566406
2017-05-31,341.010009765625,30.037918090820312,9.435208320617676,148.7178955078125
2017-06-01,340.3699951171875,30.48055648803711,9.681270599365234,149.88848876953125
2017-06-02,339.8500061035156,30.498266220092773,9.630361557006836,150.13037109375
2017-06-05,347.32000732421875,30.507116317749023,9.545512199401855,149.59970092773438
2017-06-06,352.8500061035156,30.48055648803711,9.435208320617676,149.00660705566406
2017-06-07,359.6499938964844,30.74015998840332,9.392782211303711,149.1158905029297
2017-06-08,370.0,30.534265518188477,9.41823673248291,149.22511291503906
2017-06-09,357.32000732421875,30.74015998840332,9.443693161010742,149.9508819580078
2017-06-12,359.010009765625,31.044517517089844,9.570965766906738,150.21621704101562
2017-06-13,375.95001220703125,30.892333984375,9.562482833862305,150.9497833251953
2017-06-14,380.6600036621094,30.981857299804688,9.520055770874023,150.36447143554688
2017-06-15,375.3399963378906,30.972904205322266,9.537025451660156,149.77920532226562
2017-06-16,371.3999938964844,30.69540786743164,9.520055770874023,149.89625549316406
2017-06-19,369.79998779296875,30.749109268188477,9.537025451660156,151.4023895263672
2017-06-20,372.239990234375,30.793869018554688,9.435208320617676,150.08358764648438
2017-06-21,376.3999938964844,30.55217170715332,9.367328643798828,149.84942626953125
2017-06-22,382.6099853515625,30.605880737304688,9.443693161010742,149.919677734375
2017-06-23,383.45001220703125,30.614831924438477,9.367328643798828,150.0211181640625
2017-06-26,377.489990234375,30.901287078857422,9.486115455627441,150.4113006591797
2017-06-27,362.3699951171875,30.623788833618164,9.401266098022461,149.71458435058594
2017-06-28,371.239990234375,30.954999923706055,9.40975284576416,151.42897033691406
2017-06-29,360.75,31.20564842224121,9.477633476257324,150.6618194580078
2017-06-30,361.6099853515625,31.268310546875,9.494601249694824,150.84185791015625
2017-07-03,352.6199951171875,31.841215133666992,9.808542251586914,151.6090545654297
2017-07-05,327.0899963378906,31.339920043945312,9.587935447692871,151.85169982910156
2017-07-06,308.8299865722656,31.214599609375,9.486115455627441,150.2703857421875
2017-07-07,313.2200012207031,31.277259826660156,9.553995132446289,151.0767059326172
2017-07-10,316.04998779296875,31.50105094909668,9.621875762939453,151.3037567138672
2017-07-11,327.2200012207031,31.689044952392578,9.655816078186035,150.95143127441406
2017-07-12,329.5199890136719,31.7785587310791,9.732178688049316,151.81253051757812
2017-07-13,323.4100036621094,32.100826263427734,9.84248161315918,152.1883087158203
2017-07-14,327.7799987792969,32.53944396972656,9.910360336303711,152.83021545410156
2017-07-17,319.57000732421875,32.566314697265625,9.961268424987793,152.71282958984375
2017-07-18,328.239990234375,32.61106491088867,9.969755172729492,152.2587890625
2017-07-19,325.260009765625,32.646873474121094,10.03763484954834,153.0650634765625
2017-07-20,329.9200134277344,32.59315872192383,10.054821014404297,153.20599365234375
2017-07-21,328.3999938964844,32.28879928588867,9.908727645874023,153.41732788085938
2017-07-24,342.5199890136719,32.06501007080078,9.702475547790527,153.2137908935547
2017-07-25,339.6000061035156,31.841215133666992,9.685286521911621,154.18450927734375
2017-07-26,343.8500061035156,31.88597869873047,9.504816055297852,153.62872314453125
2017-07-27,334.4599914550781,32.172428131103516,9.607941627502441,152.93197631835938
2017-07-28,335.07000732421875,32.02025604248047,9.599349021911621,153.11988830566406
2017-07-31,323.4700012207031,32.2082405090332,9.642316818237305,153.56607055664062
2017-08-01,319.57000732421875,31.116134643554688,9.410283088684082,153.84007263183594
2017-08-02,325.8900146484375,31.169837951660156,9.453251838684082,153.6208953857422
2017-08-03,347.0899963378906,31.125080108642578,9.393094062805176,152.8537139892578
2017-08-04,356.9100036621094,31.57267189025879,9.410283088684082,153.47216796875
2017-08-07,355.1700134277344,31.599519729614258,9.384501457214355,153.37820434570312
2017-08-08,365.2200012207031,31.680086135864258,9.358718872070312,153.14334106445312
2017-08-09,363.5299987792969,31.581615447998047,9.384501457214355,153.04942321777344
2017-08-10,355.3999938964844,31.22355079650879,9.255594253540039,150.49742126464844
2017-08-11,357.8699951171875,31.268310546875,9.255594253540039,150.70877075195312
2017-08-14,363.79998779296875,31.751697540283203,9.375906944274902,152.35269165039062
2017-08-15,362.3299865722656,31.814363479614258,9.315749168395996,152.0630645751953
2017-08-16,362.9100036621094,32.002349853515625,9.281375885009766,152.0865478515625
2017-08-17,351.9200134277344,31.33097267150879,9.143872261047363,149.39361572265625
2017-08-18,347.4599914550781,31.178796768188477,9.07512092590332,149.15879821777344
2017-08-21,337.8599853515625,31.25040626525879,9.083714485168457,149.3466796875
2017-08-22,341.3500061035156,31.599519729614258,9.1524658203125,150.85752868652344
2017-08-23,352.7699890136719,31.769603729248047,9.204028129577637,150.42697143554688
2017-08-24,352.92999267578125,31.796464920043945,9.204028129577637,150.56005859375
2017-08-25,348.04998779296875,31.868072509765625,9.298562049865723,150.7165985107422
2017-08-28,345.6600036621094,31.787506103515625,9.272781372070312,150.4113006591797
2017-08-29,347.3599853515625,31.796464920043945,9.315749168395996,150.33302307128906
2017-08-30,353.17999267578125,32.06501007080078,9.401688575744629,150.92799377441406
2017-08-31,355.8999938964844,32.709537506103516,9.479032516479492,151.94564819335938
2017-09-01,355.3999938964844,33.44357681274414,9.754037857055664,152.53277587890625
2017-09-05,349.5899963378906,33.32720184326172,9.762629508972168,151.02972412109375
2017-09-06,344.5299987792969,34.068809509277344,9.882944107055664,151.66383361816406
2017-09-07,350.6099853515625,33.721641540527344,9.797006607055664,150.73228454589844
2017-09-08,343.3999938964844,33.80386734008789,9.762629508972168,150.2625732421875
2017-09-11,363.69000244140625,34.12362289428711,9.8056001663208,151.56988525390625
2017-09-12,362.75,34.61697769165039,9.96028995513916,152.78323364257812
2017-09-13,366.2300109863281,34.90933609008789,9.98607063293457,153.30775451660156
2017-09-14,377.6400146484375,35.439239501953125,9.934507369995117,153.00244140625
2017-09-15,379.80999755859375,35.52146530151367,9.98607063293457,153.30775451660156
2017-09-18,385.0,35.25651168823242,9.994665145874023,153.6443634033203
2017-09-19,375.1000061035156,35.35701370239258,10.072010040283203,154.1062469482422
2017-09-20,373.9100036621094,35.52146530151367,10.06341552734375,155.43702697753906
2017-09-21,366.4800109863281,35.72246551513672,10.072010040283203,155.71884155273438
2017-09-22,351.0899963378906,36.01481246948242,10.175135612487793,156.60342407226562
2017-09-25,344.989990234375,36.81880187988281,10.26107406616211,156.44686889648438
2017-09-26,345.25,36.782249450683594,10.252482414245605,156.4705047607422
2017-09-27,340.9700012207031,37.074615478515625,10.269669532775879,157.55014038085938
2017-09-28,339.6000061035156,37.074615478515625,10.2782621383667,157.26646423339844
2017-09-29,341.1000061035156,36.89189147949219,10.286856651306152,158.02301025390625
2017-10-02,341.5299987792969,38.50899887084961,10.389982223510742,158.94505310058594
2017-10-03,348.1400146484375,39.69669723510742,10.604830741882324,159.3390655517578
2017-10-04,355.010009765625,39.99819564819336,10.570456504821777,159.26026916503906
2017-10-05,355.3299865722656,40.06214141845703,10.527483940124512,160.0719757080078
2017-10-06,356.8800048828125,41.048851013183594,10.579049110412598,159.87493896484375
2017-10-09,342.94000244140625,41.414302825927734,10.604830741882324,159.14991760253906
2017-10-10,355.5899963378906,41.304664611816406,10.647799491882324,159.11839294433594
2017-10-11,354.6000061035156,41.542205810546875,10.639204978942871,159.0790252685547
2017-10-12,355.67999267578125,41.01230239868164,10.415765762329102,158.13331604003906
2017-10-13,355.57000732421875,41.91679000854492,10.355607986450195,158.35400390625
2017-10-16,350.6000061035156,41.807151794433594,10.415765762329102,158.80316162109375
2017-10-17,355.75,41.131080627441406,10.544672012329102,158.3224639892578
2017-10-18,359.6499938964844,41.222434997558594,10.475922584533691,158.64556884765625
2017-10-19,351.80999755859375,41.43256759643555,10.510296821594238,158.66921997070312
2017-10-20,345.1000061035156,41.67011260986328,10.527698516845703,159.89071655273438
2017-10-23,337.0199890136719,41.24985122680664,10.475495338439941,159.15782165527344
2017-10-24,337.3399963378906,42.4649543762207,10.606003761291504,159.402099609375
2017-10-25,325.8399963378906,41.222434997558594,10.475495338439941,158.6534423828125
2017-10-26,326.1700134277344,41.341209411621094,10.675607681274414,158.55886840820312
2017-10-27,320.8699951171875,40.783897399902344,10.492897033691406,159.40997314453125
2017-10-30,320.0799865722656,39.62360382080078,10.527698516845703,158.8425750732422
2017-10-31,331.5299987792969,39.267295837402344,10.675607681274414,159.00808715820312
2017-11-01,321.0799865722656,39.40433883666992,10.745213508605957,159.30752563476562
2017-11-02,299.260009765625,38.92012023925781,10.806116104125977,159.30752563476562
2017-11-03,306.0899963378906,38.682579040527344,10.753914833068848,159.27603149414062
2017-11-06,302.7799987792969,38.499855041503906,10.727811813354492,160.15866088867188
2017-11-07,306.04998779296875,38.097869873046875,10.579901695251465,158.85047912597656
2017-11-08,304.3900146484375,38.47244644165039,10.492897033691406,158.58251953125
2017-11-09,302.989990234375,38.47244644165039,10.475495338439941,158.3618621826172
2017-11-10,302.989990234375,38.97493362426758,10.449393272399902,158.0387420654297
2017-11-13,315.3999938964844,39.806331634521484,10.579901695251465,157.72352600097656
2017-11-14,308.70001220703125,39.28557205200195,10.458094596862793,157.01426696777344
2017-11-15,311.29998779296875,39.15766143798828,10.440692901611328,156.57296752929688
2017-11-16,312.5,39.833736419677734,10.475495338439941,158.20425415039062
2017-11-17,315.04998779296875,40.08955383300781,10.449393272399902,158.47219848632812
2017-11-20,308.739990234375,41.003170013427734,10.55379867553711,158.77952575683594
2017-11-21,317.80999755859375,41.08539581298828,10.545100212097168,159.66217041015625
2017-11-22,312.6000061035156,40.46413803100586,10.50159740447998,159.18145751953125
2017-11-24,315.54998779296875,40.619449615478516,10.527698516845703,159.1105194091797
2017-11-27,316.80999755859375,40.35449981689453,10.536397933959961,158.62979125976562
2017-11-28,317.54998779296875,41.039710998535156,10.623404502868652,160.8994140625
2017-11-29,307.5400085449219,40.025596618652344,10.927924156188965,162.3021697998047
2017-11-30,308.8500061035156,39.367794036865234,10.893122673034668,163.13754272460938
2017-12-01,306.5299987792969,39.09370422363281,10.94532585144043,163.70492553710938
2017-12-04,305.20001220703125,39.33124923706055,10.9888277053833,164.3748016357422
2017-12-05,303.70001220703125,39.10284423828125,10.814817428588867,163.31092834472656
2017-12-06,313.260009765625,38.50899887084961,10.77131462097168,162.47557067871094
2017-12-07,311.239990234375,38.73947525024414,10.901822090148926,163.14544677734375
2017-12-08,315.1300048828125,38.73947525024414,10.971426010131836,164.0989532470703
2017-12-11,328.9100036621094,38.41679763793945,10.94532585144043,164.65060424804688
2017-12-12,341.0299987792969,38.28772735595703,10.962727546691895,165.65936279296875
2017-12-13,339.0299987792969,38.167877197265625,10.9888277053833,164.71368408203125
2017-12-14,337.8900146484375,37.62394332885742,10.840920448303223,164.0595703125
2017-12-15,343.45001220703125,37.75301742553711,10.94532585144043,165.2495574951172
2017-12-18,338.8699951171875,38.85933303833008,11.014930725097656,166.880859375
2017-12-19,331.1000061035156,39.172786712646484,11.041031837463379,166.40081787109375
2017-12-20,328.9800109863281,39.20044708251953,11.067134857177734,166.4910430908203
2017-12-21,331.6600036621094,38.86854934692383,10.9888277053833,168.00103759765625
2017-12-22,325.20001220703125,38.73947525024414,10.94532585144043,167.91896057128906
2017-12-26,317.2900085449219,38.53665542602539,10.962727546691895,167.771240234375
2017-12-27,311.6400146484375,38.08491134643555,10.875722885131836,167.6317138671875
2017-12-28,315.3599853515625,38.149444580078125,10.94532585144043,167.984619140625
2017-12-29,311.3500061035156,37.789894104003906,10.867020606994629,167.0901336669922
2018-01-02,320.5299987792969,38.53665542602539,11.014930725097656,169.1909637451172
2018-01-03,317.25,39.477020263671875,11.101935386657715,170.2659912109375
2018-01-04,314.6199951171875,40.6939697265625,11.293349266052246,171.6856689453125
2018-01-05,316.5799865722656,40.57411193847656,11.484761238098145,172.53094482421875
2018-01-08,336.4100036621094,40.767723083496094,11.441259384155273,172.3093719482422
2018-01-09,333.69000244140625,40.61098861694336,11.380354881286621,172.92483520507812
2018-01-10,334.79998779296875,39.642967224121094,11.336852073669434,173.31056213378906
2018-01-11,337.95001220703125,40.74006271362305,11.449959754943848,175.1980438232422
2018-01-12,336.2200012207031,40.629432678222656,11.5108642578125,176.9131622314453
2018-01-16,340.05999755859375,40.74006271362305,11.39775562286377,175.72323608398438
2018-01-17,347.1600036621094,40.59255599975586,10.597304344177246,177.0362548828125
2018-01-18,344.57000732421875,40.43582534790039,10.50159740447998,176.38795471191406
2018-01-19,350.0199890136719,39.78125762939453,10.440692901611328,177.2414093017578
2018-01-22,351.55999755859375,39.91032791137695,10.458094596862793,178.8662872314453
2018-01-23,352.7900085449219,39.9932975769043,10.405889511108398,179.23553466796875
2018-01-24,345.8900146484375,40.712406158447266,10.484195709228516,179.89208984375
2018-01-25,337.6400146484375,39.79047393798828,10.066566467285156,179.31761169433594
2018-01-26,342.8500061035156,40.09471893310547,10.1361722946167,181.01634216308594
2018-01-29,349.5299987792969,39.661407470703125,9.801238059997559,180.3188018798828
2018-01-30,345.82000732421875,39.36638641357422,9.748353958129883,177.4793701171875
2018-01-31,354.30999755859375,39.099029541015625,9.669026374816895,176.60952758789062
2018-02-01,349.25,39.11746597290039,9.624957084655762,177.2085723876953
2018-02-02,343.75,37.79910659790039,9.439862251281738,174.17222595214844
2018-02-05,333.1300048828125,36.453094482421875,9.02560043334961,166.79469299316406
2018-02-06,333.9700012207031,38.59196853637695,9.483932495117188,169.20736694335938
2018-02-07,345.0,39.080589294433594,9.483932495117188,168.2144012451172
2018-02-08,315.2300109863281,37.568626403808594,9.193068504333496,161.8544464111328
2018-02-09,310.4200134277344,38.22319412231445,9.281208992004395,163.5121307373047
2018-02-12,315.7300109863281,38.72104263305664,9.431047439575195,166.00686645507812
2018-02-13,323.6600036621094,38.167877197265625,9.334092140197754,166.42539978027344
2018-02-14,322.30999755859375,38.545875549316406,9.466302871704102,169.46176147460938
2018-02-15,334.07000732421875,38.58274459838867,9.483932495117188,171.16867065429688
2018-02-16,335.489990234375,37.882076263427734,9.351719856262207,171.37384033203125
2018-02-20,334.7699890136719,37.58707046508789,9.36935043334961,170.52859497070312
2018-02-21,333.29998779296875,37.393463134765625,9.342907905578613,169.81463623046875
2018-02-22,346.1700134277344,37.716129302978516,9.36935043334961,169.40431213378906
2018-02-23,352.04998779296875,37.716129302978516,9.431047439575195,172.58018493652344
2018-02-26,357.4200134277344,38.29695510864258,9.598515510559082,174.49227905273438
2018-02-27,350.989990234375,37.033905029296875,9.351719856262207,172.17808532714844
2018-02-28,343.05999755859375,36.277923583984375,9.351719856262207,169.73255920410156
2018-03-01,330.92999267578125,34.83971405029297,9.069671630859375,167.6973876953125
2018-03-02,335.1199951171875,34.50782012939453,9.166625022888184,168.46878051757812
2018-03-05,333.3500061035156,34.79362106323242,9.325278282165527,170.61062622070312
2018-03-06,328.20001220703125,34.968788146972656,9.36935043334961,171.03736877441406
2018-03-07,332.29998779296875,34.79362106323242,9.36935043334961,170.8814697265625
2018-03-08,329.1000061035156,35.24064636230469,9.351719856262207,171.38204956054688
2018-03-09,327.1700134277344,35.24064636230469,9.457488059997559,174.40199279785156
2018-03-12,345.510009765625,35.23133850097656,9.528002738952637,174.34457397460938
2018-03-13,341.8399963378906,35.398963928222656,9.50156021118164,172.72787475585938
2018-03-14,326.6300048828125,35.100948333740234,9.71309757232666,171.60362243652344
2018-03-15,325.6000061035156,35.249961853027344,9.75716781616211,171.31640625
2018-03-16,321.3500061035156,35.333770751953125,9.827680587768555,171.87442016601562
2018-03-19,313.55999755859375,34.46765899658203,9.70428466796875,169.14170837402344
2018-03-20,310.54998779296875,34.35590744018555,9.686653137207031,169.08425903320312
2018-03-21,316.5299987792969,34.99850845336914,9.783608436584473,169.15814208984375
2018-03-22,309.1000061035156,33.85300064086914,9.475118637084961,164.57896423339844
2018-03-23,301.5400085449219,32.75405502319336,9.30765151977539,161.22254943847656
2018-03-26,304.17999267578125,33.51772689819336,9.545631408691406,165.25518798828125
2018-03-27,279.17999267578125,32.474666595458984,9.545631408691406,162.3723602294922
2018-03-28,257.7799987792969,33.033451080322266,9.57207202911377,162.1807098388672
2018-03-29,266.1300048828125,33.84368896484375,9.76598072052002,164.23037719726562
2018-04-02,252.47999572753906,33.30352783203125,9.57207202911377,160.7726287841797
2018-04-03,267.5299987792969,34.402469635009766,9.827680587768555,162.66397094726562
2018-04-04,286.94000244140625,35.41759490966797,9.986333847045898,164.29702758789062
2018-04-05,305.7200012207031,35.38965606689453,10.003962516784668,165.32183837890625
2018-04-06,299.29998779296875,35.091636657714844,9.85412311553955,162.0474090576172
2018-04-09,289.6600036621094,35.23133850097656,9.915821075439453,162.880615234375
2018-04-10,304.70001220703125,36.38615417480469,10.09210205078125,165.84677124023438
2018-04-11,300.92999267578125,36.320960998535156,10.074474334716797,164.91357421875
2018-04-12,294.0799865722656,36.16263961791992,9.968706130981445,166.69662475585938
2018-04-13,300.3399963378906,36.06950759887695,9.942262649536133,165.9884033203125
2018-04-16,291.2099914550781,36.47928237915039,10.030404090881348,167.10487365722656
2018-04-17,287.69000244140625,36.52585220336914,10.030404090881348,168.03805541992188
2018-04-18,293.3500061035156,36.25576400756836,9.986333847045898,168.4130096435547
2018-04-19,300.0799865722656,35.17545700073242,9.789823532104492,168.5796356201172
2018-04-20,290.239990234375,35.02644729614258,9.664770126342773,167.90475463867188
2018-04-23,283.3699951171875,35.100948333740234,9.86128044128418,168.29637145996094
2018-04-24,283.4599914550781,35.324466705322266,9.789823532104492,166.60498046875
2018-04-25,280.69000244140625,35.492103576660156,9.923807144165039,166.67161560058594
2018-04-26,285.4800109863281,35.62248229980469,10.209641456604004,167.2131805419922
2018-04-27,294.0799865722656,35.06370162963867,10.263235092163086,166.78826904296875
2018-04-30,293.8999938964844,34.216209411621094,10.03992748260498,165.40516662597656
2018-05-01,299.9200134277344,33.91819381713867,10.057793617248535,165.630126953125
2018-05-02,301.1499938964844,33.71330642700195,10.013129234313965,163.9137725830078
2018-05-03,284.45001220703125,33.66674041748047,10.004199981689453,163.17221069335938
2018-05-04,294.0899963378906,34.188262939453125,10.147114753723145,165.05523681640625
2018-05-07,302.7699890136719,33.84368896484375,10.129250526428223,166.0300750732422
2018-05-08,301.9700012207031,33.834373474121094,10.066725730895996,165.66348266601562
2018-05-09,306.8500061035156,33.77849578857422,9.879145622253418,167.51315307617188
2018-05-10,305.0199890136719,34.60736083984375,10.013129234313965,168.6796112060547
2018-05-11,301.05999755859375,34.35590744018555,9.99526596069336,169.19618225097656
2018-05-14,291.9700012207031,34.11376953125,9.986334800720215,169.7544403076172
2018-05-15,284.17999267578125,34.402469635009766,10.022063255310059,169.20452880859375
2018-05-16,286.4800109863281,35.41759490966797,10.182844161987305,170.1710205078125
2018-05-17,284.5400085449219,35.66904830932617,10.236437797546387,170.36268615722656
2018-05-18,276.82000732421875,35.1940803527832,10.120317459106445,169.92105102539062
2018-05-21,284.489990234375,35.473480224609375,10.281099319458008,170.8209228515625
2018-05-22,275.010009765625,35.65041732788086,10.290033340454102,170.75425720214844
2018-05-23,279.07000732421875,35.249961853027344,10.218572616577148,169.85443115234375
2018-05-24,277.8500061035156,35.752864837646484,10.379354476928711,168.962890625
2018-05-25,278.8500061035156,35.66904830932617,10.281099319458008,168.29637145996094
2018-05-29,283.760009765625,34.81224822998047,10.218572616577148,165.34683227539062
2018-05-30,291.7200012207031,35.23133850097656,10.3168306350708,167.56314086914062
2018-05-31,284.7300109863281,39.76679229736328,10.3168306350708,166.2966766357422
2018-06-01,291.82000732421875,40.232452392578125,10.459747314453125,168.1630401611328
2018-06-04,296.739990234375,40.77260971069336,10.486543655395508,168.3046875
2018-06-05,291.1300048828125,40.42802429199219,10.566934585571289,168.26300048828125
2018-06-06,319.5,40.91230010986328,10.691987991333008,170.66262817382812
2018-06-07,316.0899963378906,41.34444046020508,10.745579719543457,171.1541748046875
2018-06-08,317.6600036621094,41.569908142089844,10.808107376098633,171.5541229248047
2018-06-11,332.1000061035156,42.133567810058594,10.745579719543457,172.12069702148438
2018-06-12,342.7699890136719,41.504150390625,10.817039489746094,172.1123504638672
2018-06-13,344.7799987792969,41.75779342651367,10.736649513244629,172.20401000976562
2018-06-14,357.7200012207031,40.93109130859375,10.620530128479004,172.97056579589844
2018-06-15,358.1700134277344,41.2504997253418,10.61159610748291,172.68724060058594
2018-06-18,370.8299865722656,41.288082122802734,10.70985221862793,172.14569091796875
2018-06-19,352.54998779296875,39.700435638427734,10.620530128479004,171.37083435058594
2018-06-20,362.2200012207031,39.40921401977539,10.60266399383545,171.97903442382812
2018-06-21,347.510009765625,38.62948226928711,10.459747314453125,170.87091064453125
2018-06-22,333.6300048828125,38.75160598754883,10.40615177154541,171.69577026367188
2018-06-25,333.010009765625,38.15037155151367,10.272168159484863,169.34617614746094
2018-06-26,342.0,38.526145935058594,10.290033340454102,169.18731689453125
2018-06-27,344.5,37.924903869628906,10.20071029663086,167.8580322265625
2018-06-28,349.92999267578125,38.06582260131836,10.07565689086914,168.4348907470703
2018-06-29,342.95001220703125,37.01366424560547,9.888078689575195,168.7609405517578
2018-07-02,335.07000732421875,37.107601165771484,9.914875030517578,169.45486450195312
2018-07-03,310.8599853515625,36.609703063964844,9.816617965698242,169.178955078125
2018-07-05,309.1600036621094,37.07941818237305,9.870213508605957,170.07351684570312
2018-07-06,308.8999938964844,36.78818893432617,9.879145622253418,171.6034698486328
2018-07-09,318.510009765625,37.34246063232422,10.004199981689453,173.87744140625
2018-07-10,322.4700012207031,37.661869049072266,10.048860549926758,173.98614501953125
2018-07-11,318.9599914550781,36.919708251953125,9.888078689575195,171.9713134765625
2018-07-12,316.7099914550781,36.89153289794922,9.870213508605957,173.6433563232422
2018-07-13,318.8699951171875,36.976078033447266,9.807686805725098,173.52630615234375
2018-07-16,310.1000061035156,37.163970947265625,9.691567420959473,173.6266326904297
2018-07-17,322.69000244140625,37.60549545288086,9.700498580932617,173.701904296875
2018-07-18,323.8500061035156,37.4551887512207,9.709429740905762,174.4375762939453
2018-07-19,320.2300109863281,36.92911148071289,9.664770126342773,173.0079803466797
2018-07-20,313.5799865722656,37.01366424560547,9.565134048461914,173.15846252441406
2018-07-23,303.20001220703125,36.89153289794922,9.483612060546875,174.07809448242188
2018-07-24,297.42999267578125,37.088809967041016,9.574190139770508,174.80543518066406
2018-07-25,308.739990234375,35.369651794433594,9.528902053833008,175.75015258789062
2018-07-26,306.6499938964844,34.52415466308594,8.958255767822266,176.36883544921875
2018-07-27,297.17999267578125,35.25691604614258,8.994486808776855,176.14309692382812
2018-07-30,290.1700134277344,35.38843536376953,9.121296882629395,176.15980529785156
2018-07-31,298.1400146484375,35.6139030456543,9.094122886657715,176.5109405517578
2018-08-01,300.8399963378906,34.89053726196289,8.96731185913086,175.5996856689453
2018-08-02,349.5400085449219,34.40203094482422,8.985427856445312,175.97589111328125
2018-08-03,348.1700134277344,35.44480514526367,9.094122886657715,176.85369873046875
2018-08-06,341.989990234375,35.32267761230469,9.085063934326172,177.2215576171875
2018-08-07,379.57000732421875,35.303890228271484,9.130354881286621,177.89039611816406
2018-08-08,370.3399963378906,35.3790397644043,9.103180885314941,178.00743103027344
2018-08-09,352.45001220703125,35.238128662109375,8.976370811462402,177.87367248535156
2018-08-10,355.489990234375,34.37384796142578,8.822385787963867,176.519287109375
2018-08-13,356.4100036621094,33.96989440917969,8.568764686584473,175.46591186523438
2018-08-14,347.6400146484375,34.00747299194336,8.604997634887695,176.9456787109375
2018-08-15,338.69000244140625,33.76321792602539,8.55970573425293,175.08132934570312
2018-08-16,335.45001220703125,34.092018127441406,8.614055633544922,176.6614227294922
2018-08-17,305.5,34.176570892333984,8.650287628173828,177.04600524902344
2018-08-20,308.44000244140625,34.54294967651367,8.80427074432373,177.64794921875
2018-08-21,321.8999938964844,34.674468994140625,8.93108081817627,178.3585662841797
2018-08-22,321.6400146484375,33.94171142578125,8.777095794677734,178.50904846191406
2018-08-23,320.1000061035156,33.50957107543945,8.722749710083008,177.4974822998047
2018-08-24,322.82000732421875,33.772613525390625,8.768038749694824,178.48399353027344
2018-08-27,319.2699890136719,35.407230377197266,9.048833847045898,180.13096618652344
2018-08-28,311.8599853515625,35.059635162353516,9.066947937011719,180.0389862060547
2018-08-29,305.010009765625,34.87174987792969,9.030717849731445,180.79977416992188
2018-08-30,303.1499938964844,34.15778350830078,8.786154747009277,179.9386749267578
2018-08-31,301.6600036621094,33.866554260253906,8.586880683898926,179.4203338623047
2018-09-04,288.95001220703125,33.443809509277344,8.577823638916016,178.8685302734375
2018-09-05,280.739990234375,33.152587890625,8.595938682556152,178.4421844482422
2018-09-06,280.95001220703125,32.64927291870117,8.541592597961426,177.47238159179688
2018-09-07,263.239990234375,32.20293045043945,8.396665573120117,177.4974822998047
2018-09-10,285.5,32.16494369506836,8.496302604675293,177.7733612060547
2018-09-11,279.44000244140625,32.06998062133789,8.432897567749023,178.07432556152344
2018-09-12,290.5400085449219,32.34537887573242,8.460071563720703,177.89039611816406
2018-09-13,289.4599914550781,32.525814056396484,8.48724365234375,178.87692260742188
2018-09-14,295.20001220703125,32.886688232421875,8.55970573425293,179.3116455078125
2018-09-17,294.8399963378906,33.25705337524414,8.650287628173828,178.85183715820312
2018-09-18,284.9599914550781,33.33302307128906,8.677459716796875,179.75473022460938
2018-09-19,299.0199890136719,33.931304931640625,8.858617782592773,180.6743621826172
2018-09-20,298.3299865722656,34.26369094848633,8.885791778564453,181.99530029296875
2018-09-21,299.1000061035156,33.54195022583008,8.92202377319336,181.99530029296875
2018-09-24,299.67999267578125,33.000640869140625,8.686518669128418,180.84994506835938
2018-09-25,300.989990234375,31.861051559448242,8.505359649658203,180.67385864257812
2018-09-26,309.5799865722656,32.0319938659668,8.396665573120117,179.96107482910156
2018-09-27,307.5199890136719,31.975008010864258,8.360433578491211,180.01138305664062
2018-09-28,264.7699890136719,31.975008010864258,8.378549575805664,179.7095184326172
2018-10-01,310.70001220703125,32.47833251953125,8.441954612731934,180.17909240722656
2018-10-02,301.0199890136719,31.62363624572754,8.333260536193848,180.5312957763672
2018-10-03,294.79998779296875,32.28839874267578,8.269854545593262,181.277587890625
2018-10-04,281.8299865722656,32.525814056396484,8.287970542907715,180.94216918945312
2018-10-05,261.95001220703125,32.40235900878906,8.260796546936035,179.47471618652344
2018-10-08,250.55999755859375,32.525814056396484,8.38760757446289,179.3070068359375
2018-10-09,262.79998779296875,31.00636100769043,8.106812477111816,178.9967498779297
2018-10-10,256.8800048828125,30.95887565612793,7.9890594482421875,173.88160705566406
2018-10-11,252.22999572753906,30.6834774017334,7.9800028800964355,170.09133911132812
2018-10-12,258.7799987792969,30.189655303955078,7.826018810272217,172.0116424560547
2018-10-15,259.5899963378906,30.50303840637207,7.9800028800964355,171.6761932373047
2018-10-16,276.5899963378906,30.711965560913086,7.970944404602051,175.02203369140625
2018-10-17,271.7799987792969,30.322607040405273,7.934713840484619,175.04718017578125
2018-10-18,263.9100036621094,29.51539421081543,7.708266735076904,172.6405487060547
2018-10-19,260.0,29.62935447692871,7.699207782745361,172.9088592529297
2018-10-22,260.95001220703125,29.76230812072754,7.754530906677246,171.32400512695312
2018-10-23,294.1400146484375,30.50303840637207,7.92050313949585,169.99911499023438
2018-10-24,288.5,29.02157211303711,7.542457580566406,163.6764373779297
2018-10-25,314.8599853515625,30.389081954956055,8.289327621459961,167.05580139160156
2018-10-26,330.8999938964844,31.00636100769043,8.280105590820312,164.3892059326172
2018-10-29,334.8500061035156,31.462196350097656,8.556724548339844,164.11248779296875
2018-10-30,329.8999938964844,31.8515567779541,8.722695350646973,167.33253479003906
2018-10-31,337.32000732421875,34.748008728027344,8.805681228637695,169.1857147216797
2018-11-01,344.2799987792969,34.634056091308594,8.56594467163086,170.99697875976562
2018-11-02,346.4100036621094,34.21620559692383,8.648930549621582,169.9236297607422
2018-11-05,341.3999938964844,34.425132751464844,8.787239074707031,171.78521728515625
2018-11-06,341.05999755859375,34.62455749511719,8.79646110534668,172.32188415527344
2018-11-07,348.1600036621094,35.023414611816406,8.851784706115723,175.52516174316406
2018-11-08,351.3999938964844,34.72901916503906,8.722695350646973,175.4496612548828
2018-11-09,350.510009765625,33.90281677246094,8.648930549621582,174.13316345214844
2018-11-12,331.2799987792969,33.89331817626953,8.750356674194336,171.20663452148438
2018-11-13,338.7300109863281,34.121246337890625,8.79646110534668,171.3323974609375
2018-11-14,344.0,33.456478118896484,8.79646110534668,170.47708129882812
2018-11-15,348.44000244140625,33.760372161865234,8.58438777923584,172.21287536621094
2018-11-16,354.30999755859375,33.95030212402344,8.344650268554688,172.59024047851562
2018-11-19,353.4700012207031,33.88382339477539,8.529062271118164,171.0221405029297
2018-11-20,347.489990234375,33.323524475097656,8.353872299194336,167.35768127441406
2018-11-21,338.19000244140625,33.760372161865234,8.39997386932373,168.372314453125
2018-11-23,325.8299865722656,34.121246337890625,8.418415069580078,167.6176300048828
2018-11-26,346.0,35.75465393066406,8.667370796203613,170.25906372070312
2018-11-27,343.9200134277344,34.84298324584961,8.556724548339844,170.5106201171875
2018-11-28,347.8699951171875,35.08989715576172,8.676592826843262,173.9486541748047
2018-11-29,341.1700134277344,34.90945816040039,8.639710426330566,173.1855926513672
2018-11-30,350.4800109863281,36.03955078125,8.676592826843262,173.90673828125
2018-12-03,358.489990234375,36.514381408691406,8.851784706115723,175.03878784179688
2018-12-04,359.70001220703125,34.68153762817383,8.464517593383789,169.2779541015625
2018-12-06,363.05999755859375,34.25929641723633,8.316988945007324,168.4729461669922
2018-12-07,357.9700012207031,33.29005432128906,8.132575988769531,164.70785522460938
2018-12-10,365.1499938964844,33.030948638916016,7.855958461761475,163.77706909179688
2018-12-11,366.760009765625,33.29005432128906,7.874398708343506,163.2907257080078
2018-12-12,366.6000061035156,34.24010467529297,7.966605186462402,164.69947814941406
2018-12-13,376.7900085449219,33.6931037902832,7.837516784667969,163.9615478515625
2018-12-14,365.7099914550781,33.68350601196289,7.855958461761475,161.55490112304688
2018-12-17,348.4200134277344,33.26126480102539,7.837516784667969,158.85479736328125
2018-12-18,337.0299987792969,33.4915771484375,7.8098554611206055,158.125244140625
2018-12-19,332.9700012207031,33.5203742980957,7.671545028686523,155.3870391845703
2018-12-20,315.3800048828125,32.88700485229492,7.616222858428955,153.12461853027344
2018-12-21,319.7699890136719,31.64906120300293,7.422589302062988,150.0093536376953
2018-12-24,295.3900146484375,31.063676834106445,7.0353240966796875,146.10403442382812
2018-12-26,326.0899963378906,32.16727066040039,7.23817777633667,152.7026824951172
2018-12-27,316.1300048828125,32.589515686035156,7.23817777633667,153.51068115234375
2018-12-28,333.8699951171875,32.55112838745117,7.201294898986816,153.95059204101562
2018-12-31,332.79998779296875,32.100093841552734,7.053765296936035,155.14463806152344
2019-01-02,310.1199951171875,32.28242874145508,7.284280300140381,155.9705810546875
2019-01-03,300.3599853515625,30.948524475097656,7.173633098602295,153.33111572265625
2019-01-04,317.69000244140625,31.98493766784668,7.450251579284668,158.67288208007812
2019-01-07,334.9599914550781,32.97337341308594,7.643884181976318,159.5796661376953
2019-01-08,335.3500061035156,33.405216217041016,7.717648983001709,160.6749267578125
2019-01-09,338.5299987792969,33.76028060913086,8.040371894836426,161.5457763671875
2019-01-10,344.9700012207031,33.32844161987305,7.994267463684082,161.83306884765625
2019-01-11,347.260009765625,35.679569244384766,8.132575988769531,161.94081115722656
2019-01-14,334.3999938964844,36.14019775390625,8.289327621459961,161.33030700683594
2019-01-15,344.42999267578125,36.034637451171875,8.151017189025879,162.5333251953125
2019-01-16,346.04998779296875,36.1497917175293,7.643884181976318,163.84408569335938
2019-01-17,347.30999755859375,36.715980529785156,7.708427906036377,165.13687133789062
2019-01-18,302.260009765625,37.05186080932617,7.911281585693359,167.29153442382812
2019-01-22,298.9200134277344,36.61042404174805,7.837516784667969,164.92141723632812
2019-01-23,287.5899963378906,36.1497917175293,7.689987659454346,164.92141723632812
2019-01-24,291.510009765625,36.62002182006836,7.929723739624023,165.3074493408203
2019-01-25,297.0400085449219,37.08064651489258,8.169458389282227,166.82469177246094
2019-01-28,296.3800048828125,36.90790939331055,7.98504638671875,165.9987335205078
2019-01-29,297.4599914550781,36.917510986328125,8.077253341674805,166.1064910888672
2019-01-30,308.7699890136719,37.51249313354492,8.171064376831055,167.21971130371094
2019-01-31,307.0199890136719,37.4453125,8.25549602508545,168.35092163085938
2019-02-01,312.2099914550781,37.214996337890625,8.180447578430176,168.85366821289062
2019-02-04,312.8900146484375,37.35894775390625,8.161684036254883,169.787353515625
2019-02-05,321.3500061035156,37.71401596069336,8.208589553833008,170.07464599609375
2019-02-06,317.2200012207031,38.29939270019531,8.180447578430176,169.91302490234375
2019-02-07,307.510009765625,37.090248107910156,7.795815944671631,167.7583770751953
2019-02-08,305.79998779296875,37.13822555541992,7.870865345001221,167.3813018798828
2019-02-11,312.8399963378906,37.0710563659668,7.814577579498291,167.41722106933594
2019-02-12,311.80999755859375,37.45490646362305,7.936534404754639,169.7783660888672
2019-02-13,308.1700134277344,37.42612075805664,7.889627456665039,170.0836181640625
2019-02-14,303.7699890136719,37.320560455322266,7.899009704589844,170.41580200195312
2019-02-15,307.8800048828125,37.51249313354492,8.01158332824707,172.7859344482422
2019-02-19,305.6400146484375,37.934730529785156,8.28364086151123,173.01039123535156
2019-02-20,302.55999755859375,38.3377799987793,8.386833190917969,173.3515167236328
2019-02-21,291.2300109863281,38.02109909057617,8.171064376831055,172.37294006347656
2019-02-22,294.7099914550781,38.37616729736328,8.171064376831055,172.98342895507812
2019-02-25,298.7699890136719,38.52011489868164,8.217971801757812,173.48619079589844
2019-02-26,297.8599853515625,38.49132537841797,8.330546379089355,173.387451171875
2019-02-27,314.739990234375,38.385765075683594,8.236733436584473,173.2348175048828
2019-02-28,319.8800048828125,37.886749267578125,8.2273530960083,171.47515869140625
2019-03-01,294.7900085449219,37.934730529785156,8.246115684509277,173.225830078125
2019-03-04,285.3599853515625,37.66603088378906,8.264878273010254,172.22930908203125
2019-03-05,276.5400085449219,37.694820404052734,8.2273530960083,172.1305389404297
2019-03-06,276.239990234375,37.10943603515625,8.049108505249023,170.73899841308594
2019-03-07,276.5899963378906,36.867149353027344,7.955295562744141,168.95242309570312
2019-03-08,284.1400146484375,36.818687438964844,7.899009704589844,168.35092163085938
2019-03-11,290.9200134277344,37.429264068603516,8.077252388000488,170.50558471679688
2019-03-12,283.3599853515625,37.429264068603516,8.039727210998535,171.0262908935547
2019-03-13,288.9599914550781,37.60371017456055,8.002202987670898,172.7230682373047
2019-03-14,289.9599914550781,36.857452392578125,7.889627456665039,173.01934814453125
2019-03-15,275.42999267578125,36.896217346191406,7.908390522003174,174.01588439941406
2019-03-18,269.489990234375,36.808998107910156,8.039727210998535,175.084228515625
2019-03-19,267.4700012207031,37.090057373046875,8.161684036254883,174.70716857910156
2019-03-20,273.6000061035156,35.85921096801758,7.983441352844238,173.4502716064453
2019-03-21,274.0199890136719,36.19841766357422,8.152302742004395,174.44680786132812
2019-03-22,264.5299987792969,35.31647872924805,8.01158332824707,170.06565856933594
2019-03-25,260.4200134277344,35.61691665649414,7.983441352844238,169.2845916748047
2019-03-26,267.7699890136719,35.733219146728516,8.217971801757812,171.08058166503906
2019-03-27,274.8299865722656,35.48123550415039,8.086634635925293,170.0729522705078
2019-03-28,278.6199951171875,35.91736602783203,8.2273530960083,170.62342834472656
2019-03-29,279.8599853515625,35.95612716674805,8.236733436584473,171.1738739013672
2019-04-01,289.17999267578125,36.59577941894531,8.424358367919922,173.88885498046875
2019-04-02,285.8800048828125,36.64423751831055,8.45250129699707,173.40370178222656
2019-04-03,291.80999755859375,37.20635223388672,8.565077781677246,173.59963989257812
2019-04-04,267.7799987792969,37.59402084350586,8.668272018432617,174.34600830078125
2019-04-05,274.9599914550781,37.73939514160156,8.677652359008789,175.3629608154297
2019-04-08,273.20001220703125,37.8557014465332,8.72455883026123,175.9320831298828
2019-04-09,272.30999755859375,37.661865234375,8.640128135681152,174.5232696533203
2019-04-10,276.05999755859375,38.03984069824219,8.752702713012695,175.25099182128906
2019-04-11,268.4200134277344,38.11737060546875,8.808989524841309,174.9990997314453
2019-04-12,267.70001220703125,38.485652923583984,8.865276336669922,176.94903564453125
2019-04-15,266.3800048828125,38.349971771240234,8.752702713012695,177.0050048828125
2019-04-16,273.3599853515625,38.437198638916016,8.780845642089844,177.34088134765625
2019-04-17,271.2300109863281,38.757022857666016,8.91218376159668,176.82772827148438
2019-04-18,273.260009765625,39.057464599609375,8.959090232849121,176.6877899169922
2019-04-22,262.75,38.28213119506836,8.91218376159668,176.27728271484375
2019-04-23,263.8999938964844,38.601959228515625,9.055159568786621,177.39686584472656
2019-04-24,258.6600036621094,38.4953498840332,9.121880531311035,177.60211181640625
2019-04-25,247.6300048828125,37.90415573120117,8.95984172821045,177.72340393066406
2019-04-26,235.13999938964844,38.45658493041992,9.922548294067383,178.68435668945312
2019-04-29,241.47000122070312,38.77640151977539,9.836762428283691,179.62667846679688
2019-04-30,238.69000244140625,37.74909210205078,9.960675239562988,179.23483276367188
2019-05-01,234.00999450683594,37.55525207519531,9.817699432373047,177.9099884033203
2019-05-02,244.10000610351562,37.07067108154297,9.855827331542969,177.50881958007812
2019-05-03,255.02999877929688,37.60371017456055,9.922548294067383,179.50540161132812
2019-05-06,255.33999633789062,36.91560363769531,9.884421348571777,178.94561767578125
2019-05-07,247.05999755859375,37.342037200927734,9.893953323364258,176.0160369873047
2019-05-08,244.83999633789062,37.03190231323242,9.855827331542969,175.7361602783203
2019-05-09,241.97999572753906,36.421329498291016,9.722381591796875,175.1297149658203
2019-05-10,239.52000427246094,36.721771240234375,9.893953323364258,175.01776123046875
2019-05-13,227.00999450683594,35.432777404785156,9.608001708984375,170.49281311035156
2019-05-14,232.30999755859375,35.897979736328125,9.760509490966797,171.817626953125
2019-05-15,231.9499969482422,36.21780014038086,9.874889373779297,172.2654571533203
2019-05-16,228.3300018310547,36.22749710083008,9.913016319274902,174.0101318359375
2019-05-17,211.02999877929688,35.85921096801758,9.808168411254883,173.2357635498047
2019-05-20,205.36000061035156,35.83013916015625,9.798635482788086,172.5453643798828
2019-05-21,205.0800018310547,35.98520278930664,9.760509490966797,174.4019775390625
2019-05-22,192.72999572753906,34.45391845703125,9.503151893615723,173.43170166015625
2019-05-23,195.49000549316406,34.04686737060547,9.388772010803223,171.11790466308594
2019-05-24,190.6300048828125,34.03717803955078,9.369707107543945,171.8456268310547
2019-05-28,188.6999969482422,33.77549743652344,9.32204818725586,169.9423370361328
2019-05-29,189.86000061035156,33.717350006103516,9.255326271057129,168.94406127929688
2019-05-30,188.22000122070312,33.746429443359375,9.28392219543457,168.5522003173828
2019-05-31,185.16000366210938,32.31205749511719,9.074223518371582,165.9771728515625
2019-06-03,178.97000122070312,32.66095733642578,9.160008430480957,166.14512634277344
2019-06-04,193.60000610351562,34.62836456298828,9.455492973327637,170.2408905029297
2019-06-05,196.58999633789062,34.73497772216797,9.32204818725586,169.9983367919922
2019-06-06,205.9499969482422,34.470497131347656,9.29345417022705,170.7073974609375
2019-06-07,204.5,34.76436233520508,9.302985191345215,172.03221130371094
2019-06-10,212.8800048828125,35.27372741699219,9.360175132751465,172.79727172851562
2019-06-11,217.10000610351562,35.45984649658203,9.455492973327637,172.7039794921875
2019-06-12,209.25999450683594,34.94068145751953,9.388772010803223,172.0229034423828
2019-06-13,213.91000366210938,35.28352355957031,9.588936805725098,173.1051483154297
2019-06-14,214.9199981689453,34.930885314941406,9.512682914733887,172.2841339111328
2019-06-17,225.02999877929688,35.40106964111328,9.579404830932617,172.4053955078125
2019-06-18,224.74000549316406,35.949623107910156,9.62706470489502,174.73785400390625
2019-06-19,226.42999267578125,36.02798843383789,9.569873809814453,174.9151153564453
2019-06-20,219.6199951171875,36.204307556152344,9.569873809814453,176.4918670654297
2019-06-21,221.86000061035156,36.165122985839844,9.522214889526367,176.52920532226562
2019-06-24,223.63999938964844,36.204307556152344,9.484087944030762,175.21368408203125
2019-06-25,219.75999450683594,36.909584045410156,9.379239082336426,173.65565490722656
2019-06-26,219.27000427246094,37.35038375854492,9.445960998535156,173.7776641845703
2019-06-27,222.83999633789062,37.5364990234375,9.722381591796875,174.30328369140625
2019-06-28,223.4600067138672,37.74220275878906,9.750977516174316,175.60789489746094
2019-07-01,227.1699981689453,37.957706451416016,9.674722671508789,177.28793334960938
2019-07-02,224.5500030517578,37.55609130859375,9.64612865447998,176.8937530517578
2019-07-03,234.89999389648438,37.3797721862793,9.722381591796875,178.0763397216797
2019-07-05,233.10000610351562,37.71282196044922,9.722381591796875,177.9073944091797
2019-07-08,230.33999633789062,37.448341369628906,9.722381591796875,176.45260620117188
2019-07-09,230.05999755859375,37.30140686035156,9.665192604064941,176.8092803955078
2019-07-10,238.9199981689453,37.32099914550781,9.636595726013184,177.00636291503906
2019-07-11,238.60000610351562,37.644248962402344,9.712850570678711,177.79476928710938
2019-07-12,245.0800018310547,38.408302307128906,9.998802185058594,178.81784057617188
2019-07-15,253.5,38.55523681640625,9.932080268859863,178.57379150390625
2019-07-16,252.3800048828125,38.62380599975586,10.017866134643555,178.292236328125
2019-07-17,254.86000061035156,38.35932540893555,9.846294403076172,176.78111267089844
2019-07-18,253.5399932861328,38.32014083862305,9.779572486877441,177.75723266601562
2019-07-19,258.17999267578125,38.67278289794922,9.722381591796875,177.42872619628906
2019-07-22,255.67999267578125,39.04500961303711,9.693360328674316,178.09512329101562
2019-07-23,260.1700134277344,39.87763214111328,9.838470458984375,180.0755157470703
2019-07-24,264.8800048828125,40.044158935546875,9.993253707885742,181.4270782470703
2019-07-25,228.82000732421875,39.91681671142578,9.248355865478516,180.24444580078125
2019-07-26,228.0399932861328,39.936405181884766,9.25802993774414,182.1122283935547
2019-07-29,235.77000427246094,39.84824752807617,9.287052154541016,181.2205810546875
2019-07-30,242.25999450683594,39.603355407714844,9.23868179321289,180.81698608398438
2019-07-31,241.61000061035156,39.51519775390625,9.21933364868164,179.33404541015625
2019-08-01,233.85000610351562,39.32908248901367,9.006505966186523,176.86558532714844
2019-08-02,234.33999633789062,38.96664810180664,8.977482795715332,174.81947326660156
2019-08-05,228.32000732421875,38.21238708496094,8.929112434387207,169.65728759765625
2019-08-06,230.75,38.28096389770508,9.1709623336792,171.1121063232422
2019-08-07,233.4199981689453,38.58462142944336,9.21933364868164,170.42694091796875
2019-08-08,238.3000030517578,39.28010559082031,9.248355865478516,173.64625549316406
2019-08-09,235.00999450683594,38.80012512207031,9.14194107055664,172.6138153076172
2019-08-12,229.00999450683594,38.065460205078125,8.987156867980957,169.9294891357422
2019-08-13,235.0,38.21238708496094,8.958135604858398,172.3134765625
2019-08-14,219.6199951171875,36.429603576660156,8.706610679626465,166.72894287109375
2019-08-15,215.63999938964844,35.724327087402344,8.571174621582031,165.9593048095703
2019-08-16,219.94000244140625,36.24348831176758,8.667914390563965,168.72811889648438
2019-08-19,226.8300018310547,36.59613037109375,8.735631942749023,171.0839385986328
2019-08-20,225.86000061035156,36.204307556152344,8.667914390563965,169.49774169921875
2019-08-21,220.8300018310547,36.36103057861328,8.745306968688965,170.67095947265625
2019-08-22,222.14999389648438,36.498172760009766,8.745306968688965,170.36122131347656
2019-08-23,211.39999389648438,35.32270812988281,8.484108924865723,165.41493225097656
2019-08-26,215.0,35.50882339477539,8.532478332519531,166.81341552734375
2019-08-27,214.0800018310547,35.15618133544922,8.474434852600098,165.8560791015625
2019-08-28,215.58999633789062,35.69493865966797,8.706610679626465,167.42349243164062
2019-08-29,221.7100067138672,36.155330657958984,8.822699546813965,169.59161376953125
2019-08-30,225.61000061035156,36.33164978027344,8.871068954467773,170.3330841064453
2019-09-03,225.00999450683594,36.155330657958984,8.803351402282715,168.85951232910156
2019-09-04,220.67999267578125,37.45813751220703,8.900091171264648,171.0839385986328
2019-09-05,229.5800018310547,38.31890106201172,9.035527229309082,174.32203674316406
2019-09-06,227.4499969482422,38.36836624145508,9.035527229309082,174.5285186767578
2019-09-09,231.7899932861328,39.15987777709961,9.229007720947266,176.75296020507812
2019-09-10,235.5399932861328,39.15987777709961,9.112918853759766,178.19834899902344
2019-09-11,247.10000610351562,39.0411491394043,9.112918853759766,179.13693237304688
2019-09-12,245.8699951171875,38.65529251098633,9.103245735168457,179.13693237304688
2019-09-13,245.1999969482422,38.4475212097168,9.14194107055664,179.8033447265625
2019-09-16,242.80999755859375,36.815032958984375,8.996830940246582,180.56358337402344
2019-09-17,244.7899932861328,37.88357162475586,8.977482795715332,179.43728637695312
2019-09-18,243.49000549316406,37.77473831176758,8.948461532592773,178.59255981445312
2019-09-19,246.60000610351562,37.37898254394531,8.803351402282715,178.9773712158203
2019-09-20,240.6199951171875,36.97333526611328,8.871068954467773,178.02003479003906
2019-09-23,241.22999572753906,36.84471893310547,8.861394882202148,177.84170532226562
2019-09-24,223.2100067138672,36.379703521728516,8.813024520874023,175.77682495117188
2019-09-25,228.6999969482422,36.716094970703125,8.900091171264648,176.73849487304688
2019-09-26,242.55999755859375,37.21078872680664,8.842047691345215,175.63540649414062
2019-09-27,242.1300048828125,37.022804260253906,8.784003257751465,175.5694122314453
2019-09-30,240.8699951171875,37.08216857910156,8.861394882202148,175.9748077392578
2019-10-01,244.69000244140625,35.72671127319336,8.609869956970215,172.52415466308594
2019-10-02,243.1300048828125,34.3118896484375,8.329323768615723,168.9414825439453
2019-10-03,233.02999877929688,34.60870361328125,8.426064491271973,169.63916015625
2019-10-04,231.42999267578125,34.53944778442383,8.455085754394531,171.18536376953125
2019-10-07,237.72000122070312,34.38114547729492,8.397042274475098,170.39340209960938
2019-10-08,240.0500030517578,33.520381927490234,8.261606216430664,167.3764190673828
2019-10-09,244.52999877929688,33.777618408203125,8.28095531463623,168.800048828125
2019-10-10,244.74000549316406,34.29209899902344,8.338998794555664,170.07284545898438
2019-10-11,247.88999938964844,35.192440032958984,8.493782043457031,172.6372833251953
2019-10-14,256.9599914550781,35.12318420410156,8.532478332519531,172.65614318847656
2019-10-15,257.8900146484375,35.87511444091797,8.774328231811523,175.3997039794922
2019-10-16,259.75,36.26097869873047,8.774328231811523,175.0791473388672
2019-10-17,261.9700012207031,35.80585861206055,8.813024520874023,175.96539306640625
2019-10-18,256.95001220703125,35.78607177734375,8.987156867980957,175.74855041503906
2019-10-21,253.5,35.548622131347656,8.878996849060059,177.3795928955078
2019-10-22,255.5800018310547,35.92458724975586,8.918327331542969,178.44497680664062
2019-10-23,254.67999267578125,36.221405029296875,9.055987358093262,179.11436462402344
2019-10-24,299.67999267578125,35.439788818359375,8.456188201904297,178.7749481201172
2019-10-25,328.1300048828125,36.35002517700195,8.57418155670166,180.19859313964844
2019-10-28,327.7099914550781,36.25108337402344,8.466019630432129,181.32054138183594
2019-10-29,316.2200012207031,37.80441665649414,8.495518684387207,181.41481018066406
2019-10-30,315.010009765625,37.50760269165039,8.397191047668457,181.047119140625
2019-10-31,314.9200134277344,36.76556396484375,8.446354866027832,180.10430908203125
2019-11-01,313.30999755859375,37.56696701049805,8.741338729858398,182.4424591064453
2019-11-04,317.4700012207031,37.98250961303711,8.849498748779297,184.72406005859375
2019-11-05,317.2200012207031,37.8242073059082,8.86916446685791,184.7711944580078
2019-11-06,326.5799865722656,38.01218795776367,8.77083683013916,184.44122314453125
2019-11-07,335.5400085449219,38.08144760131836,8.741338729858398,184.97862243652344
2019-11-08,337.1400146484375,38.25953674316406,8.888829231262207,186.03457641601562
2019-11-11,345.0899963378906,38.30900573730469,8.928160667419434,185.42173767089844
2019-11-12,349.92999267578125,38.18038558959961,8.888829231262207,185.4123077392578
2019-11-13,346.1099853515625,36.79524612426758,8.662675857543945,184.29978942871094
2019-11-14,349.3500061035156,36.409385681152344,8.643010139465332,184.30923461914062
2019-11-15,352.1700134277344,36.49842834472656,8.800334930419922,186.0534210205078
2019-11-18,349.989990234375,36.23129653930664,8.800334930419922,185.85543823242188
2019-11-19,359.5199890136719,35.99384689331055,8.75117015838623,185.6857147216797
2019-11-20,352.2200012207031,34.905517578125,8.584012985229492,184.88433837890625
2019-11-21,354.8299865722656,34.30199432373047,8.564348220825195,185.77056884765625
2019-11-22,333.0400085449219,34.95499038696289,8.741338729858398,186.54368591308594
2019-11-25,336.3399963378906,35.42989730834961,8.849498748779297,188.3350067138672
2019-11-26,328.9200134277344,35.528831481933594,8.859331130981445,187.5713348388672
2019-11-27,331.2900085449219,35.75638961791992,8.947826385498047,188.2218780517578
2019-11-29,329.94000244140625,35.61787796020508,8.908495903015137,187.36392211914062
2019-12-02,334.8699951171875,35.49915313720703,8.859331130981445,185.69515991210938
2019-12-03,336.20001220703125,35.15286636352539,8.741338729858398,183.33815002441406
2019-12-04,333.0299987792969,35.41999816894531,8.800334930419922,185.3745880126953
2019-12-05,330.3699951171875,35.310001373291016,8.780669212341309,185.4877471923828
2019-12-06,335.8900146484375,35.540000915527344,8.86916446685791,187.7693328857422
2019-12-09,339.5299987792969,35.380001068115234,8.859331130981445,187.3167724609375
2019-12-10,348.8399963378906,35.11000061035156,8.918327331542969,187.3262176513672
2019-12-11,352.70001220703125,35.2400016784668,8.957658767700195,187.9578857421875
2019-12-12,359.67999267578125,36.099998474121094,9.16414737701416,191.4085693359375
2019-12-13,358.3900146484375,35.650001525878906,9.075652122497559,190.56002807617188
2019-12-16,381.5,36.11000061035156,9.232976913452148,191.77626037597656
2019-12-17,378.989990234375,36.310001373291016,9.232976913452148,192.0402374267578
2019-12-18,393.1499938964844,37.310001373291016,9.380468368530273,191.28599548339844
2019-12-19,404.0400085449219,37.2599983215332,9.252642631530762,191.77999877929688
2019-12-20,405.5899963378906,37.25,9.321471214294434,192.64999389648438
2019-12-23,419.2200012207031,36.77000045776367,9.282140731811523,193.75
2019-12-24,425.25,36.58000183105469,9.311639785766602,193.74000549316406
2019-12-26,430.94000244140625,36.47999954223633,9.291973114013672,194.58999633789062
2019-12-27,430.3800048828125,36.560001373291016,9.20347785949707,194.35000610351562
2019-12-30,414.70001220703125,36.439998626708984,9.095317840576172,193.3800048828125
2019-12-31,418.3299865722656,36.599998474121094,9.144481658935547,193.75999450683594
2020-01-02,430.260009765625,37.380001068115234,9.26247501373291,195.60000610351562
2020-01-03,443.010009765625,36.31999969482422,9.055987358093262,194.1199951171875
2020-01-06,451.5400085449219,35.84000015258789,9.00682258605957,194.8699951171875
2020-01-07,469.05999755859375,35.150001525878906,9.095317840576172,195.49000549316406
2020-01-08,492.1400146484375,34.650001525878906,9.095317840576172,196.25
2020-01-09,481.3399963378906,35.08000183105469,9.105151176452637,197.42999267578125
2020-01-10,478.1499938964844,34.650001525878906,9.095317840576172,196.74000549316406
2020-01-13,524.8599853515625,34.97999954223633,9.085484504699707,197.36000061035156
2020-01-14,537.9199829101562,35.150001525878906,9.134649276733398,197.67999267578125
2020-01-15,518.5,35.150001525878906,9.036320686340332,197.22999572753906
2020-01-16,513.489990234375,35.54999923706055,9.016655921936035,198.47000122070312
2020-01-17,510.5,35.599998474121094,9.00682258605957,198.66000366210938
2020-01-21,547.2000122070312,34.9900016784668,9.055987358093262,197.19000244140625
2020-01-22,569.5599975585938,34.90999984741211,9.00682258605957,197.2100067138672
2020-01-23,572.2000122070312,34.880001068115234,8.987157821655273,196.6199951171875
2020-01-24,564.8200073242188,34.310001373291016,8.849498748779297,193.60000610351562
2020-01-27,558.02001953125,33.40999984741211,8.741338729858398,189.72000122070312
2020-01-28,566.9000244140625,33.63999938964844,8.820000648498535,191.3000030517578
2020-01-29,580.989990234375,33.599998474121094,8.859999656677246,190.0800018310547
2020-01-30,640.8099975585938,33.33000183105469,8.84000015258789,190.9600067138672
2020-01-31,650.5700073242188,33.38999938964844,8.819999694824219,187.4499969482422
2020-02-03,780.0,33.720001220703125,8.979999542236328,188.5800018310547
2020-02-04,887.0599975585938,34.369998931884766,9.180000305175781,191.19000244140625
2020-02-05,734.7000122070312,35.029998779296875,8.3100004196167,194.9600067138672
2020-02-06,748.9600219726562,34.33000183105469,8.25,195.66000366210938
2020-02-07,748.0700073242188,33.630001068115234,8.109999656677246,194.72000122070312
2020-02-10,771.280029296875,34.25,8.0600004196167,195.3000030517578
2020-02-11,774.3800048828125,35.0099983215332,8.100000381469727,196.86000061035156
2020-02-12,767.2899780273438,35.4900016784668,8.239999771118164,198.57000732421875
